record_id,city,country,iso2,iso3,region,postal_code,latitude,longitude,report_date,metric_raw,crs_hint
10000,Istanbul,Turkey,TR,TUR,Region-4,07811,41.03209964300068,28.956468971571024,2025.07.08,1030.07,EPSG:4326
10001,Toronto,CANADA,CA,CAN,Region-5,12108,43.69238736401481,-79.3546490393472,07/13/2025,"19,508",epsg:3857
10002,Tokyo,JP,JP,JPN,Region-5,15348,35.52886119697666,139.63149270951402,2025-07-4,"730,65",latlong
10003,São Paulo,brazil,BR,BRA,Region-1,00444,-46.762010861240434,-23.546735281119737,2025.07.19,596.23,EPSG:4326
10004,Rio de Janeiro,Brazil,BR,BRA,Region-1,11275,-22.915736155966734,-43.16406286854004,07/23/2025,"1429,69",epsg:3857
10005,Vancouver,Canada,CA,CAN,Region-1,25245,49.23138236847142,-122.9606666762926,07/18/2025,905.61,epsg:3857
10006,Guadalajara  ,Mexico,MX,MEX,Region-5,14062,20.77478180733249,-103.40365298008045,2025-07-15,"901,90",epsg:3857
10007,Chicago,United States,US,USA,Region-1,05892,41.96971776059633,-87.73568222339874,2025-07-9,"40,084",EPSG:4326
10008,São Paulo,Brazil,BR,BRA,Region-5,40470,-23.585286071528,-46.65961563204144,07/26/2025,"23,550",latlong
10009,Guadalajara,MEXICO,MX,MEX,Region-4,33322,20.658778282556916,-103.38508649783795,07/27/2025,"37,625",EPSG:4326
10010,L0s Angeles  ,United States,US,USA,Region-1,23764,33.94892854037412,-118.21596559608973,07/27/2025,"2122,38",latlong
10011,T0ky0  ,Japan,JP,JPN,Region-5,19860,35.62628451308449,139.66673231568515,2025.07.21,"960,41",EPSG:4326
10012,Guadalajara,Mexico,MX,MEX,Region-4,07159,20.575341230236074,-103.32881287194604,2025-07-23,1044.65,epsg:3857
10013,Delhi,India,IN,IND,Region-1,32571,28.613587402358156,77.1315271839351,2025-07-5,"1065,48",epsg:3857
10014,Chicago,United States,US,USA,Region-5,08683,41.97803189996468,-87.5144634275582,2025.07.25,"728,55",
10015,Nair0bi  ,Kenya,KE,KEN,Region-2,15554,-1.3555637122562436,36.77181415202239,07/5/2025,"836,66",WGS84
10016,Munich,Germany,DE,DEU,Region-4,04001,48.13573672793479,11.551978652825845,2025-07-20,"16,945",EPSG:4326
10017,Houston,United States,US,USA,Region-3,19080,29.69936809096666,-95.25721822403547,2025-07-18,"1035,72",WGS84
10018,Chicago,United States,US,USA,Region-1,07141,41.914482733039755,-87.67294378795899,2025.07.25,"1145,84",
10019,Nair0bi  ,Kenya,KE,KEN,Region-1,22601,-1.3273916162209747,36.78126312237302,2025-07-1,1588.25,
10020,Ly0n  ,France,FR,FRA,Region-1,29328,45.653442502399486,4.9116623945388245,2025-07-3,"34,974",EPSG:4326
10021,Rio de Janeiro,Brazil,BR,BRA,Region-2,27234,-22.785602161386823,-43.27262744466285,07/7/2025,"155,66",
10022,Cape Town,South Africa,ZA,ZAF,Region-2,26794,,18.423107568908197,2025.07.18,"877,10",
10023,Nairobi,kenya,KE,KEN,Region-2,06666,-1.3609412485893824,36.70082044741823,07/22/2025,"29,878",latlong
10024,Tokyo,Japan,JP,JPN,Region-2,13908,35.596276557822385,139.57936865063533,2025-07-4,"49,301",
10025,Istanbul,turkey,TR,TUR,Region-5,18997,41.00104096304893,28.977277621589522,07/17/2025,"21,511",WGS84
10026,Vancouver,Canada,CA,CAN,Region-2,29375,49.106666746201434,-123.17606580403796,2025-07-20,"1023,56",EPSG:4326
10027,Guadalajara,MEX,MX,MEX,Region-5,13152,-103.25915094157999,20.584444010543805,2025.07.04,1402.70,latlong
10028,Cape Town,South Africa,ZA,ZAF,Region-2,31876,-33.88401129880722,18.3693602337606,2025.07.05,"9,104",latlong
10029,Delhi,India,IN,IND,Region-2,17573,28.667013299071275,77.16423769324517,2025-07-11,"12,077",latlong
10030,Seoul,South Korea,KR,KOR,Region-3,09888,37.66154753737698,127.00475416483127,2025.07.02,"3,198",EPSG:4326
10031,Istanbul,Turkey,TR,TUR,Region-2,12202,41.08154784356094,29.031911875715757,2025.07.05,"1277,84",epsg:3857
10032,London,United Kingdom,GB,GBR,Region-2,42054,180.11367022587584,-0.17859987899293275,07/15/2025,826.91,epsg:3857
10033,Johannesburg,ZA,ZA,ZAF,Region-1,05579,-26.235502979747,28.029120593359956,2025-07-21,572.80,WGS84
10034,Lyon,France,FR,FRA,Region-1,03728,45.65411761121874,4.957654996218141,07/16/2025,"1230,46",epsg:3857
10035,Paris,FRA,FR,FRA,Region-1,10898,,2.335969904314827,07/3/2025,1639.83,WGS84
10036,Istanbul,Turkey,TR,TUR,Region-5,49045,41.02894611659814,29.022671312228066,2025-07-2,323.38,latlong
10037,Manchester,United Kingdom,GB,GBR,Region-1,00083,53.40543270068657,-2.3110300307066076,2025-07-19,"21,414",epsg:3857
10038,T0r0nt0  ,Canada,CA,CAN,Region-3,47417,43.646482423717345,-79.34291833080047,2025-07-11,156.94,
10039,Paris,FR,FR,FRA,Region-3,07001,48.9249711401975,2.408698804810933,2025.07.25,1318.42,WGS84
10040,Vancouver,Canada,CA,CAN,Region-2,06464,49.18905587757574,-123.12518754246146,2025.07.27,"1531,33",epsg:3857
10041,Seoul,South Korea,KR,KOR,Region-4,07358,37.52857596235132,127.01916164506544,2025.07.25,"34,531",
10042,Berlin  ,Germany,DE,DEU,Region-3,05682,52.600136831076334,13.266349400398713,2025-07-12,"1105,20",EPSG:4326
10043,Istanbul  ,Turkey,TR,TUR,Region-2,19276,40.93373889792075,29.04283768483957,07/20/2025,"852,15",epsg:3857
10044,Houston,UNITED STATES,US,USA,Region-1,41750,29.963354365610552,-95.38383633803257,07/13/2025,"1491,88",WGS84
10045,Chicago,United States,US,USA,Region-4,10879,,-87.60282097473213,2025-07-2,"15,072",latlong
10046,Munich,Germany,DE,DEU,Region-2,27657,168.11178255965996,11.578145881399411,2025.07.23,675.02,EPSG:4326
10047,Melb0urne  ,Australia,AU,AUS,Region-4,17730,-37.69373586535481,144.90071285086827,2025-07-18,"32,238",
10048,Sydney  ,AU,AU,AUS,Region-3,29169,-33.876965539455114,151.21345641356132,07/23/2025,"459,26",EPSG:4326
10049,Delhi,India,IN,IND,Region-3,20488,28.69936265325802,77.19095479669303,2025.07.18,"639,24",latlong
10050,Tokyo,Japan,JP,JPN,Region-2,09427,139.68492240782246,35.615758829522505,07/13/2025,"1121,97",epsg:3857
10051,Osaka,japan,JP,JPN,Region-5,48164,34.706496940560584,135.50627491834993,2025-07-19,"332,65",EPSG:4326
10052,Dubai,United Arab Emirates,AE,ARE,Region-3,17808,25.27043025676302,55.19389475638798,07/21/2025,"31,319",epsg:3857
10053,Munich,Germany,DE,DEU,Region-1,20125,,11.559166733822734,07/17/2025,"14,557",WGS84
10054,Tokyo,Japan,JP,JPN,Region-4,08124,35.6737277397931,139.64357565137323,07/13/2025,"40,486",latlong
10055,Berlin,Germany,DE,DEU,Region-4,02152,52.45869552390593,13.399801429619043,07/27/2025,"1125,00",
10056,Busan,South Korea,KR,KOR,Region-4,05254,35.121419644219806,128.9997632352201,2025.07.22,"1033,56",epsg:3857
10057,Melbourne,AUSTRALIA,AU,AUS,Region-2,31505,-37.86291821004154,144.93955171126257,2025.07.04,787.84,EPSG:4326
10058,Paris,France,FR,FRA,Region-1,14082,48.81239105571881,2.3595348314149915,07/1/2025,"23,301",WGS84
10059,Manchester,United Kingdom,GB,GBR,Region-3,14860,53.34763186345649,-2.20576373294839,07/19/2025,"1215,32",WGS84
10060,New York,United States,US,USA,Region-4,33389,-73.96296903080935,40.59165438039043,2025.07.02,"926,37",WGS84
10061,Johannesburg,South Africa,ZA,ZAF,Region-4,15928,-26.173923407751424,27.927926257353636,07/22/2025,"45,975",latlong
10062,Osaka,Japan,JP,JPN,Region-3,03889,34.674378318235156,135.40143034927283,2025.07.20,"36,937",latlong
10063,Houston,United States,US,USA,Region-3,31418,29.818899439079587,-95.32306832750176,07/1/2025,"1290,34",
10064,Tokyo,JAPAN,JP,JPN,Region-1,02697,35.700872770113364,139.51448525089268,2025.07.02,"1448,65",
10065,Berlin,Germany,DE,DEU,Region-3,25136,52.47192427122674,13.403809922267975,07/25/2025,1341.06,
10066,Manchester,GB,GB,GBR,Region-2,00786,53.50495808048924,-2.179644372160432,07/17/2025,"975,80",latlong
10067,Rio de Janeiro,Brazil,BR,BRA,Region-1,39387,-22.799343704479355,-43.17532506428713,2025-07-19,1393.25,latlong
10068,Cairo,Egypt,EG,EGY,Region-4,20448,30.07134819830212,31.183004508329137,2025-07-12,"19,294",latlong
10069,Berlin,DE,DE,DEU,Region-3,07082,52.60771482222584,13.332066787924589,2025.07.20,"1036,43",latlong
10070,Vancouver,Canada,CA,CAN,Region-1,01216,49.355966626334165,-123.17130423865426,2025.07.13,1999.50,WGS84
10071,Osaka  ,Japan,JP,JPN,Region-2,12337,34.68374521550043,135.424192069029,2025.07.13,"32,985",WGS84
10072,Seoul,South Korea,KR,KOR,Region-2,03301,127.02753127032757,37.58350469474703,07/26/2025,"1565,88",latlong
10073,Seoul,South Korea,KR,KOR,Region-3,05565,37.507355400989574,126.94981025615478,2025.07.16,"55,387",EPSG:4326
10074,Guadalajara,Mexico,MX,MEX,Region-1,05325,20.716659966592868,-103.18500510642957,07/8/2025,1247.09,epsg:3857
10075,H0ust0n  ,United States,US,USA,Region-2,23685,29.897167264127493,-95.32452417689018,07/20/2025,"1341,23",latlong
10076,Mumbai  ,India,IN,IND,Region-1,04827,18.940761455985033,72.90712996520594,07/5/2025,"1608,47",latlong
10077,London,UNITED KINGDOM,GB,GBR,Region-5,10451,51.596311941033505,0.030587346384794878,2025-07-4,749.06,EPSG:4326
10078,Mexico City,Mexico,MX,MEX,Region-1,07810,-99.109410778976,19.31177146773713,2025-07-14,"158,62",epsg:3857
10079,H0ust0n  ,United States,US,USA,Region-4,36436,29.908042696849865,-95.21136039496923,2025-07-8,971.94,latlong
10080,Sydney  ,australia,AU,AUS,Region-4,11691,-33.903617192127044,151.20259742645015,2025.07.02,965.20,WGS84
10081,São Paulo,Brazil,BR,BRA,Region-5,28365,-82.75715528056818,-46.65617270262426,07/23/2025,"739,97",EPSG:4326
10082,Dubai  ,united arab emirates,AE,ARE,Region-1,00583,25.048651168057877,55.2171886643613,2025.07.11,"1375,24",epsg:3857
10083,Melbourne,Australia,AU,AUS,Region-4,08402,-37.86685001898066,145.0062654826698,2025.07.05,"1156,00",EPSG:4326
10084,Chicago,UNITED STATES,US,USA,Region-5,05121,41.86212762024452,-87.75246652724383,07/26/2025,"17,257",epsg:3857
10085,Melbourne,Australia,AU,AUS,Region-1,12114,-37.82251412549654,144.9916469822682,2025-07-2,"29,704",
10086,Vanc0uver  ,Canada,CA,CAN,Region-2,14150,49.2695291398557,-123.14144531916396,2025-07-19,"145,56",epsg:3857
10087,Mumbai,India,IN,IND,Region-4,11842,19.068825966965882,72.82023663312205,2025.07.11,"36,746",EPSG:4326
10088,Seoul,South Korea,KR,KOR,Region-3,25686,37.52933937839303,126.910813144176,2025-07-16,"13,255",latlong
10089,Berlin,Germany,DE,DEU,Region-4,01739,52.35196478077302,13.289361742634133,2025.07.15,"34,581",epsg:3857
10090,Istanbul,Turkey,TR,TUR,Region-1,01578,,29.02889730967618,2025-07-21,"1579,62",epsg:3857
10091,Melbourne,australia,AU,AUS,Region-3,06851,-37.73854805286519,144.91497967651054,07/11/2025,"1605,23",EPSG:4326
10092,Sydney,Australia,AU,AUS,Region-1,10307,-34.00810552676836,151.1869286549499,2025-07-19,"34,755",epsg:3857
10093,Munich  ,GERMANY,DE,DEU,Region-1,15071,,11.643832743220015,2025-07-15,944.45,
10094,Seoul,South Korea,KR,KOR,Region-5,12409,37.591085711578174,126.9557662814919,2025-07-4,"516,49",latlong
10095,Busan,South Korea,KR,KOR,Region-2,13652,35.23278240515657,128.99001079146024,2025.07.27,2011.13,EPSG:4326
10096,Tokyo,Japan,JP,JPN,Region-3,16383,35.684368471685545,139.774120564875,07/20/2025,"663,66",EPSG:4326
10097,Berlin,Germany,DE,DEU,Region-1,19760,52.57887736760238,13.407861093928895,2025.07.27,"26,778",latlong
10098,Rio de Janeiro,Brazil,BR,BRA,Region-3,06229,-22.943368538038126,-43.22942272522868,07/23/2025,"17,328",
10099,Johannesburg,South Africa,ZA,ZAF,Region-2,02825,-26.211851207583695,27.943281250849207,07/14/2025,"33,569",
10100,Munich,Germany,DE,DEU,Region-1,00157,48.13254976681956,11.539118047162154,07/11/2025,"19,888",EPSG:4326
10101,Cair0  ,EGY,EG,EGY,Region-4,21776,31.331845778554996,30.115207549327064,07/21/2025,"1850,22",WGS84
10102,Mexico City,Mexico,MX,MEX,Region-4,25797,19.35509070059905,-99.08005496713645,07/15/2025,"32,836",latlong
10103,São Paulo,Brazil,BR,BRA,Region-3,10681,,-46.5888965184344,07/4/2025,"543,62",EPSG:4326
10104,São Paulo,Brazil,BR,BRA,Region-5,30460,-23.55793662038385,-46.59985411826474,2025-07-2,"1286,78",epsg:3857
10105,Cairo,Egypt,EG,EGY,Region-4,06783,30.01708524364331,31.216199070243526,2025.07.06,"30,549",EPSG:4326
10106,Istanbul,Turkey,TR,TUR,Region-4,50417,41.03952744126003,28.944745487456213,2025-07-19,"17,052",WGS84
10107,Osaka,Japan,JP,JPN,Region-5,04275,34.6985938025471,135.5062568913407,2025-07-3,"642,29",EPSG:4326
10108,Guadalajara,Mexico,MX,MEX,Region-1,24972,72.38529825696284,-103.46416049421887,07/13/2025,"44,090",epsg:3857
10109,Johannesburg,South Africa,ZA,ZAF,Region-1,03605,-26.31383078466121,28.071229612205798,2025.07.12,"513,32",latlong
10110,Delhi,IND,IN,IND,Region-3,09125,28.68441421355638,77.16906056343268,2025.07.14,"35,577",EPSG:4326
10111,Manchester,United Kingdom,GB,GBR,Region-2,12379,187.10835343039292,-2.352994299808587,2025-07-24,"20,143",epsg:3857
10112,Busan,KR,KR,KOR,Region-4,27293,35.1243814864842,129.1463799546812,2025.07.03,225.13,epsg:3857
10113,Los Angeles,United States,US,USA,Region-4,47366,34.00179754401564,-118.20519650686039,2025-07-9,"523,35",
10114,Melbourne,Australia,AU,AUS,Region-1,38107,-37.9417138679613,145.08075879594412,07/24/2025,886.46,EPSG:4326
10115,Nairobi,Kenya,KE,KEN,Region-3,09996,,36.65074990642903,2025.07.04,"17,308",latlong
10116,Houston,United States,US,USA,Region-5,56183,29.705980125071804,-95.20660872325264,2025.07.02,"1110,53",latlong
10117,Busan,South Korea,KR,KOR,Region-5,01014,129.05859882379042,35.13630445712986,2025.07.08,398.92,epsg:3857
10118,Cair0  ,Egypt,EG,EGY,Region-1,20094,30.12774524421772,31.264973990904892,07/15/2025,"1379,56",epsg:3857
10119,Chicago,US,US,USA,Region-3,04974,,-87.62707375498522,07/6/2025,"38,705",WGS84
10120,Vancouver,Canada,CA,CAN,Region-2,09202,49.224220120581926,-123.28138169386398,07/20/2025,"15,852",
10121,Berlin,DE,DE,DEU,Region-1,59054,52.52032949541073,13.489485004895483,2025.07.14,1308.54,WGS84
10122,Busan,south korea,KR,KOR,Region-5,11922,129.0706830064772,35.10382310164295,2025-07-19,261.42,
10123,Rio de Janeiro,Brazil,BR,BRA,Region-4,00190,-22.871815157329973,-43.08916205347331,2025.07.14,"492,28",
10124,Manchester,United Kingdom,GB,GBR,Region-2,01867,53.48331783582322,-2.2023056854712855,2025-07-4,424.31,latlong
10125,Berlin,GERMANY,DE,DEU,Region-2,06163,52.537535858347546,13.375052060373836,2025-07-7,"23,231",
10126,Osaka,japan,JP,JPN,Region-4,27935,34.71185798106732,135.55355830003845,2025.07.26,"38,639",WGS84
10127,London,United Kingdom,GB,GBR,Region-1,17330,51.49346944679414,-0.06179593764845211,2025.07.26,129.24,epsg:3857
10128,Los Angeles,United States,US,USA,Region-5,06214,34.13140212715264,-118.25012611799967,2025.07.10,876.21,latlong
10129,Vancouver,Canada,CA,CAN,Region-4,19162,172.07019074723124,-123.1895680354423,2025-07-2,"1630,19",latlong
10130,Nairobi,KE,KE,KEN,Region-5,15692,-1.346179267130951,36.7949097830012,2025.07.07,1606.24,latlong
10131,Delhi,India,IN,IND,Region-1,16278,28.58162747165344,77.09202286163892,07/12/2025,"42,331",latlong
10132,Rio de Janeiro,Brazil,BR,BRA,Region-2,16820,-43.08789726085317,-22.832663272683213,07/10/2025,"13,189",EPSG:4326
10133,Melbourne,Australia,AU,AUS,Region-1,50560,-37.852392446816566,144.87231338642633,2025-07-10,"1395,23",WGS84
10134,Delhi  ,India,IN,IND,Region-4,25415,,77.11678726948199,2025.07.07,"645,72",EPSG:4326
10135,Delhi,India,IN,IND,Region-3,24433,,77.09235903970622,2025.07.02,"1254,83",EPSG:4326
10136,New York,United States,US,USA,Region-4,31203,40.82464407525572,-73.9725255635665,07/17/2025,257.22,epsg:3857
10137,Seoul,South Korea,KR,KOR,Region-4,21714,,127.07654732523298,07/7/2025,"1087,63",latlong
10138,Guadalajara,Mexico,MX,MEX,Region-4,24042,20.65708973619291,-103.22085439503981,2025.07.18,1093.52,EPSG:4326
10139,Mumbai  ,india,IN,IND,Region-2,02062,18.948812847889265,72.96625912901324,2025-07-16,"27,646",
10140,Cairo,EG,EG,EGY,Region-4,38622,30.06501567038166,31.12268527282965,2025-07-9,"5,571",
10141,Toronto,Canada,CA,CAN,Region-2,20841,-79.28210371854775,43.710569045982915,07/10/2025,"28,346",
10142,Osaka,Japan,JP,JPN,Region-3,15787,135.4413809545257,34.724646760066676,2025-07-27,346.11,epsg:3857
10143,Nair0bi  ,KEN,KE,KEN,Region-2,13645,-1.3998974962275499,36.69108904567446,2025.07.11,"35,951",WGS84
10144,Johannesburg,South Africa,ZA,ZAF,Region-1,13123,28.020227507238342,-26.067366423732835,07/7/2025,1152.62,epsg:3857
10145,Sydney  ,Australia,AU,AUS,Region-1,22444,-33.82261865819799,151.1578422333117,2025-07-13,"69,47",EPSG:4326
10146,Houston,united states,US,USA,Region-4,33815,29.820567452795313,-95.24336755313495,2025.07.13,1478.49,epsg:3857
10147,Vancouver,Canada,CA,CAN,Region-2,04304,49.189786586984965,-123.07057529696111,2025.07.10,"14,060",WGS84
10148,Guadalajara,Mexico,MX,MEX,Region-5,14049,20.784063961960094,-103.35129650665696,2025.07.01,"504,30",EPSG:4326
10149,Vancouver,Canada,CA,CAN,Region-3,35952,49.27398001988789,-122.96624183611853,07/21/2025,831.55,EPSG:4326
10150,Osaka,Japan,JP,JPN,Region-2,42650,34.588032331192956,135.51169779262622,07/24/2025,"382,08",EPSG:4326
10151,Houston,UNITED STATES,US,USA,Region-3,04325,104.82288193177293,-95.33115650357556,2025-07-15,"1145,50",
10152,Mumbai,India,IN,IND,Region-1,01912,19.124582084750024,72.83134050904184,07/3/2025,"521,18",WGS84
10153,Lyon,France,FR,FRA,Region-1,06265,45.80025914451326,4.72209019431481,2025-07-13,"1732,50",WGS84
10154,Sydney,Australia,AU,AUS,Region-2,45605,-33.74885135582975,151.15680286349587,2025.07.15,"892,75",epsg:3857
10155,Osaka  ,Japan,JP,JPN,Region-1,19359,34.5750370849967,135.44778048138664,2025.07.03,2174.61,
10156,Munich  ,Germany,DE,DEU,Region-4,08856,48.03484934969884,11.68828207687451,2025.07.24,477.73,EPSG:4326
10157,Berlin,GERMANY,DE,DEU,Region-3,01548,52.580288656874195,13.457187564353326,2025.07.10,"56,863",WGS84
10158,Nairobi,Kenya,KE,KEN,Region-1,08133,-4.570522311846136,36.75336447036287,2025.07.04,786.43,latlong
10159,Rio de Janeiro,Brazil,BR,BRA,Region-5,20139,-23.004261922044467,-43.041333949664235,2025-07-27,"2352,75",
10160,Rio de Janeiro,Brazil,BR,BRA,Region-1,18422,-22.81269848359486,-43.03706446252704,07/9/2025,"30,008",latlong
10161,Johannesburg,South Africa,ZA,ZAF,Region-4,12995,-26.254625019648927,28.035598538184626,2025.07.06,"816,73",epsg:3857
10162,L0nd0n  ,united kingdom,GB,GBR,Region-5,24421,51.55229331365066,-0.09408480108837725,2025.07.17,"1189,25",
10163,Lyon,France,FR,FRA,Region-4,13341,45.876561259201786,4.738612294953583,07/7/2025,1058.99,
10164,São Paulo,Brazil,BR,BRA,Region-5,23751,-23.484045498373554,-46.74253470396532,07/8/2025,996.93,
10165,Chicago,United States,US,USA,Region-1,39617,41.78621351303675,-87.71699603405813,2025-07-1,"1632,06",epsg:3857
10166,Vancouver,Canada,CA,CAN,Region-2,07685,49.28277292256606,-123.11668850634301,2025-07-23,"754,79",WGS84
10167,Melbourne,Australia,AU,AUS,Region-4,03745,-37.76083524544974,144.95182007722613,2025.07.17,"19,086",latlong
10168,Toronto,Canada,CA,CAN,Region-3,53759,,-79.38150482773456,2025.07.08,"30,032",epsg:3857
10169,Ly0n  ,France,FR,FRA,Region-4,06454,45.75043006396869,4.673975812503725,07/10/2025,"1052,40",EPSG:4326
10170,Houston,United States,US,USA,Region-5,05399,-95.46977370867705,29.812418132727274,2025-07-15,"802,64",
10171,Vancouver,CA,CA,CAN,Region-2,35292,49.300888694800776,-123.03442647148043,07/11/2025,561.11,EPSG:4326
10172,Tokyo,Japan,JP,JPN,Region-3,04961,35.68624674223692,139.68321364598975,07/8/2025,1165.03,latlong
10173,Paris,France,FR,FRA,Region-2,06758,48.87877089738891,2.422795931155787,07/19/2025,1096.05,WGS84
10174,London,UNITED KINGDOM,GB,GBR,Region-3,00599,-0.16052401130692184,51.68150560185714,2025.07.12,1327.97,EPSG:4326
10175,Vancouver,CA,CA,CAN,Region-3,22111,49.398492331948525,-123.098563110718,2025.07.01,878.52,
10176,Vancouver,Canada,CA,CAN,Region-1,05438,,-123.14111371688321,2025-07-18,"28,487",latlong
10177,Paris  ,France,FR,FRA,Region-2,08832,170.83740452642053,2.2854460237464056,2025-07-3,"19,564",
10178,Manchester,United Kingdom,GB,GBR,Region-3,01805,53.3422740043871,-2.345782580492094,2025-07-19,1049.71,WGS84
10179,Houston,USA,US,USA,Region-2,13124,29.707531951581974,-95.40282803730344,2025.07.11,"31,770",latlong
10180,J0hannesburg  ,South Africa,ZA,ZAF,Region-3,30748,-26.277748253171996,28.08328498496772,2025-07-18,608.24,
10181,Berlin,Germany,DE,DEU,Region-2,34592,52.60421955658549,13.4157487053323,2025.07.25,1082.37,epsg:3857
10182,Manchester,United Kingdom,GB,GBR,Region-5,22992,53.54300661966749,-2.347611752778912,2025-07-21,103.25,WGS84
10183,Paris,France,FR,FRA,Region-1,23427,48.863824535927826,2.161954138474542,2025-07-25,"22,156",EPSG:4326
10184,Paris,France,FR,FRA,Region-5,06599,170.8249320330719,2.5315961075858033,2025.07.20,488.72,epsg:3857
10185,Rio de Janeiro,Brazil,BR,BRA,Region-1,32167,-23.044882574321065,-43.079141815760735,2025-07-25,915.75,
10186,Manchester  ,United Kingdom,GB,GBR,Region-2,11483,53.427046939004555,-2.0602342724783953,2025.07.09,1900.63,WGS84
10187,London,United Kingdom,GB,GBR,Region-2,05472,51.61744784488533,-0.16725927592210357,2025-07-9,810.13,latlong
10188,Guadalajara  ,Mexico,MX,MEX,Region-5,21270,-103.29282679664149,20.75173576344482,07/8/2025,"725,21",latlong
10189,Istanbul,Turkey,TR,TUR,Region-1,33190,41.0826056020194,28.893162826281145,2025-07-20,"421,71",latlong
10190,Osaka,Japan,JP,JPN,Region-2,25043,34.72329992609247,135.3184751027394,2025.07.18,"24,104",WGS84
10191,Lyon,FRA,FR,FRA,Region-4,13997,4.855485276155799,45.69515027160474,2025-07-20,"38,465",
10192,Melbourne,AU,AU,AUS,Region-4,12195,-37.661922676168075,144.98845771104948,07/21/2025,"29,336",WGS84
10193,Mexico City,MEXICO,MX,MEX,Region-1,34119,19.338065526639355,-99.04293467690049,07/6/2025,"13,267",WGS84
10194,Mexico City,Mexico,MX,MEX,Region-4,04534,19.397971243339434,-99.16551527718856,2025.07.23,"22,838",
10195,Nairobi,Kenya,KE,KEN,Region-3,09276,-1.3867487417386095,36.85072598176234,07/15/2025,1780.20,latlong
10196,Cape Town,South Africa,ZA,ZAF,Region-3,10221,-33.900131691959636,18.51401605200619,07/13/2025,"1198,85",EPSG:4326
10197,Berlin,germany,DE,DEU,Region-2,00239,52.538072499162325,13.484215567644776,2025.07.14,946.88,latlong
10198,Tokyo,Japan,JP,JPN,Region-5,15544,,139.62555241718388,07/25/2025,2077.60,WGS84
10199,Mexico City,Mexico,MX,MEX,Region-5,46032,19.46080866318089,-99.07948173212829,2025-07-25,"868,26",latlong
10200,Busan  ,South Korea,KR,KOR,Region-3,01221,35.22749352995058,129.1188194735795,2025.07.24,1133.00,
10201,Munich  ,DEU,DE,DEU,Region-2,08749,48.200072362611266,11.562708078906391,2025-07-24,"861,73",EPSG:4326
10202,Ly0n  ,France,FR,FRA,Region-5,08954,45.69241055493537,4.795487325556003,2025.07.27,694.61,EPSG:4326
10203,London,United Kingdom,GB,GBR,Region-2,16459,51.50311051854889,0.0474611330239369,07/4/2025,"2049,66",latlong
10204,São Paulo,Brazil,BR,BRA,Region-3,46342,-23.500275982646492,-46.719746142131825,07/5/2025,"444,06",WGS84
10205,Rio de Janeiro,Brazil,BR,BRA,Region-1,07972,-23.01839386182398,-43.16191558788996,07/22/2025,"1757,98",
10206,Nairobi,Kenya,KE,KEN,Region-3,19847,-1.301377401285715,36.78844625807247,2025-07-4,"1049,64",latlong
10207,Istanbul,Turkey,TR,TUR,Region-5,21076,,28.958681335629525,2025-07-19,"39,621",latlong
10208,Seoul,South Korea,KR,KOR,Region-1,04767,37.690282807661426,127.0915081493273,07/20/2025,"1015,58",
10209,Tokyo,Japan,JP,JPN,Region-3,03663,35.57936882799668,139.72358851378127,07/5/2025,831.49,EPSG:4326
10210,Paris,France,FR,FRA,Region-3,10081,48.90859598542105,2.2639408176059175,2025-07-7,"730,35",WGS84
10211,Houston,United States,US,USA,Region-3,13020,29.657876688561906,-95.34984376136885,2025.07.01,"371,99",
10212,Osaka,Japan,JP,JPN,Region-2,06693,135.52964493075723,34.664449135341755,2025.07.09,730.18,epsg:3857
10213,Manchester,United Kingdom,GB,GBR,Region-2,08576,53.53294172767082,-2.3720124126827002,07/8/2025,441.60,EPSG:4326
10214,London,United Kingdom,GB,GBR,Region-2,29534,,-0.21147698701576514,07/4/2025,1623.66,EPSG:4326
10215,Vanc0uver  ,Canada,CA,CAN,Region-2,28813,49.3165477402988,-123.24300476723559,2025.07.19,1175.28,WGS84
10216,Vancouver,CAN,CA,CAN,Region-1,52268,49.29514755335208,-123.15883175982462,2025-07-23,1050.58,WGS84
10217,Los Angeles,UNITED STATES,US,USA,Region-1,43378,34.00786414350302,-118.27977792591763,2025-07-20,"42,479",
10218,Cape Town,South Africa,ZA,ZAF,Region-1,17571,-34.00101213343699,18.4036969849823,2025-07-19,"17,040",WGS84
10219,Vancouver,Canada,CA,CAN,Region-4,11213,49.223612004737205,-123.21585035628378,2025-07-27,"12,869",epsg:3857
10220,Toronto,CANADA,CA,CAN,Region-4,22003,43.54584223486489,-79.258583811236,2025.07.08,"532,99",
10221,Rio de Janeiro,Brazil,BR,BRA,Region-2,49999,-22.822670098816502,-43.14603733119785,07/5/2025,"103,98",WGS84
10222,Mumbai,India,IN,IND,Region-3,03223,66.72695942608827,73.03094572100495,07/17/2025,1793.14,WGS84
10223,Munich  ,GERMANY,DE,DEU,Region-4,10573,48.11140117321904,11.588204355359286,2025.07.13,"1585,58",
10224,New York,UNITED STATES,US,USA,Region-5,05471,40.70535605935361,-74.06723554779789,2025.07.15,1143.46,WGS84
10225,London,United Kingdom,GB,GBR,Region-5,13063,-0.06670986729300793,51.38193233513044,2025-07-5,"25,478",latlong
10226,Manchester,United Kingdom,GB,GBR,Region-2,11491,-2.284082680857227,53.67992598583239,2025.07.17,1322.27,latlong
10227,Istanbul,Turkey,TR,TUR,Region-1,33171,40.933678891516514,29.000567095949602,2025.07.19,"1573,48",EPSG:4326
10228,Berlin,Germany,DE,DEU,Region-5,21165,52.55733612036902,13.453797794573829,2025-07-27,"1281,77",WGS84
10229,Lyon,france,FR,FRA,Region-2,04779,45.612015620834974,4.938268686169543,07/25/2025,"16,752",WGS84
10230,New York,United States,US,USA,Region-5,05041,40.82732905436353,-73.98424529254285,2025-07-12,"1003,03",epsg:3857
10231,Osaka,Japan,JP,JPN,Region-4,07863,135.4810337407165,34.58054097009562,2025.07.07,"5,501",
10232,Cape T0wn  ,South Africa,ZA,ZAF,Region-2,11252,-33.86682252292793,18.36289445199648,2025-07-27,1700.84,EPSG:4326
10233,Guadalajara,MX,MX,MEX,Region-1,12659,20.729665992281546,-103.43165737519314,07/16/2025,"1475,77",
10234,Melbourne,AUS,AU,AUS,Region-2,05341,-37.90176180530016,144.94096403599784,2025.07.02,"1165,76",latlong
10235,Manchester,United Kingdom,GB,GBR,Region-4,13054,53.49276022923003,-2.1723916025043275,2025-07-6,1739.19,EPSG:4326
10236,Istanbul,Turkey,TR,TUR,Region-4,06240,28.968925730518922,40.895540241814665,2025.07.24,"36,604",EPSG:4326
10237,Busan,South Korea,KR,KOR,Region-1,11800,35.02691354228946,129.06292543984756,2025.07.03,"595,49",epsg:3857
10238,Los Angeles,UNITED STATES,US,USA,Region-3,04346,34.22032339550574,-118.21712593186032,2025.07.18,"42,435",
10239,Osaka,Japan,JP,JPN,Region-1,41084,34.745390397544746,135.56227967582652,07/23/2025,616.12,latlong
10240,Lyon,France,FR,FRA,Region-2,39047,45.6362135657492,4.76033240816785,2025-07-3,"18,798",EPSG:4326
10241,Rio de Janeiro,BR,BR,BRA,Region-2,11943,-22.99330316679247,-43.25209553334883,2025.07.13,868.36,WGS84
10242,Dubai,United Arab Emirates,AE,ARE,Region-3,03360,25.215013854774472,55.25704132368009,2025.07.14,"40,434",epsg:3857
10243,Vancouver,Canada,CA,CAN,Region-3,00956,49.24953397239606,-123.10695819901538,2025.07.02,416.82,EPSG:4326
10244,Paris,France,FR,FRA,Region-4,32513,48.923102433233545,2.2933869408037557,2025.07.25,"1096,07",epsg:3857
10245,Osaka,Japan,JP,JPN,Region-5,63221,34.696564237222255,135.45777076434706,2025.07.07,1565.40,epsg:3857
10246,Guadalajara,Mexico,MX,MEX,Region-1,01675,20.649054989846917,-103.39353933007827,2025.07.06,"36,475",epsg:3857
10247,Houston,United States,US,USA,Region-4,26532,29.74676938828132,-95.33277311559782,2025-07-25,"854,45",
10248,Johannesburg,South Africa,ZA,ZAF,Region-5,02012,-26.117071107631354,28.090007035034404,2025-07-5,1273.49,WGS84
10249,Melbourne,Australia,AU,AUS,Region-5,05200,-37.781041744661074,144.99444635440972,2025-07-19,271.94,latlong
10250,Johannesburg,South Africa,ZA,ZAF,Region-3,07433,-26.13383460386127,27.99987203161087,2025.07.21,"1483,90",EPSG:4326
10251,Busan,South Korea,KR,KOR,Region-4,23218,129.09269020825724,35.226667979230385,2025-07-7,"1648,43",WGS84
10252,Munich,Germany,DE,DEU,Region-3,05307,48.0392158864381,11.595835584279648,07/8/2025,1259.98,latlong
10253,Melbourne,Australia,AU,AUS,Region-5,01188,-37.83704609377775,144.95415173064606,2025-07-16,"1453,05",
10254,Rio de Janeiro,Brazil,BR,BRA,Region-3,23120,-22.85246712252693,-43.13928777792876,2025.07.17,589.64,latlong
10255,Guadalajara,Mexico,MX,MEX,Region-5,16106,20.690555246398954,-103.38404067632133,2025-07-25,"456,67",latlong
10256,Guadalajara,Mexico,MX,MEX,Region-4,05386,20.687295640416444,-103.37026875598792,07/25/2025,848.77,
10257,Tokyo,Japan,JP,JPN,Region-4,37693,35.686108987630526,139.59377850381404,2025-07-11,"18,281",WGS84
10258,Cape Town,South Africa,ZA,ZAF,Region-5,49383,-33.942920275752726,18.486153830086913,07/17/2025,"37,229",EPSG:4326
10259,Sydney,AUSTRALIA,AU,AUS,Region-1,13583,151.22997580901074,-33.87822908650812,2025-07-8,"13,02",WGS84
10260,Paris,France,FR,FRA,Region-2,23763,48.85696291105226,2.218154039714947,2025-07-13,"397,00",epsg:3857
10261,Johannesburg,South Africa,ZA,ZAF,Region-1,28688,-26.1688321697029,28.08076558212374,2025.07.19,622.55,EPSG:4326
10262,Paris,France,FR,FRA,Region-5,17659,48.90280226312487,2.3465229827848155,2025.07.27,"25,390",epsg:3857
10263,Los Angeles,USA,US,USA,Region-1,10270,34.04753791070132,-118.2423388671522,2025.07.20,1221.82,epsg:3857
10264,Manchester,GB,GB,GBR,Region-2,30307,53.48413891900383,-2.2009756825693896,2025-07-4,"1626,25",EPSG:4326
10265,Nairobi,Kenya,KE,KEN,Region-2,12157,-1.4581111419779347,36.928930605356186,2025-07-13,"215,64",WGS84
10266,Osaka,Japan,JP,JPN,Region-2,11053,34.6618008036143,135.655642666872,07/17/2025,"20,000",EPSG:4326
10267,Seoul,SOUTH KOREA,KR,KOR,Region-5,33424,37.7003676118274,126.82527607352756,2025-07-5,906.08,WGS84
10268,Se0ul  ,south korea,KR,KOR,Region-5,25769,37.623317355463115,126.93714433037239,2025.07.05,"220,18",WGS84
10269,H0ust0n  ,United States,US,USA,Region-1,11437,29.7204282639945,-95.41137774452423,07/17/2025,1300.77,
10270,Busan,SOUTH KOREA,KR,KOR,Region-2,10330,,129.1120071902458,2025.07.24,616.49,EPSG:4326
10271,Istanbul,Turkey,TR,TUR,Region-1,01865,,29.036122805417076,2025.07.25,"15,968",latlong
10272,Mumbai,India,IN,IND,Region-5,39992,19.0552904101246,73.00012264077263,07/14/2025,"29,566",latlong
10273,London,United Kingdom,GB,GBR,Region-1,13951,51.70061457633455,-0.10833229486102566,07/11/2025,495.84,epsg:3857
10274,Cape Town,South Africa,ZA,ZAF,Region-5,09079,-33.846627528277914,18.559380016249385,2025-07-20,"1195,56",EPSG:4326
10275,T0r0nt0  ,Canada,CA,CAN,Region-1,06373,,-79.39783291526882,2025.07.20,"46,230",
10276,Guadalajara,Mexico,MX,MEX,Region-3,14509,20.708504473144664,-103.29846487629597,2025.07.13,"418,26",epsg:3857
10277,Cape Town,South Africa,ZA,ZAF,Region-2,02175,18.45370580448392,-33.836487708320824,07/13/2025,"920,47",latlong
10278,Nairobi,Kenya,KE,KEN,Region-5,01792,36.82469342687031,-1.2748481400473322,07/15/2025,973.18,
10279,Tokyo,Japan,JP,JPN,Region-5,14781,35.58011099406544,139.52966956602936,2025.07.04,563.03,
10280,Tokyo,Japan,JP,JPN,Region-1,24299,35.884928070377,139.67636603035177,2025.07.24,1142.05,WGS84
10281,Chicago,United States,US,USA,Region-2,20214,41.992224560819814,-87.51181122252729,2025.07.08,"32,906",
10282,Rio de Janeiro,Brazil,BR,BRA,Region-2,24907,-22.82296697429145,-43.132499576010886,2025.07.11,2093.60,latlong
10283,Mexico City,Mexico,MX,MEX,Region-4,22352,19.509184253248456,-99.0832458326406,2025.07.17,1274.03,latlong
10284,Mexico City,Mexico,MX,MEX,Region-2,24457,19.38112651633903,-99.07102559596929,07/23/2025,468.17,epsg:3857
10285,Sydney,Australia,AU,AUS,Region-4,18381,-33.88549774682544,151.12925409056226,2025-07-3,1512.97,latlong
10286,Seoul,South Korea,KR,KOR,Region-2,33908,37.45125835627531,127.16064188296306,2025.07.13,"2,559",WGS84
10287,Ri0 de Janeir0  ,Brazil,BR,BRA,Region-2,29014,-22.900764079992477,-43.21217717846749,2025-07-13,"30,560",latlong
10288,Cairo,Egypt,EG,EGY,Region-3,11879,,31.394885598637995,2025-07-16,329.44,epsg:3857
10289,Istanbul,turkey,TR,TUR,Region-4,12624,41.10293176537657,28.914592078801885,2025-07-18,"787,20",latlong
10290,Houston,UNITED STATES,US,USA,Region-2,20898,29.624874277657355,-95.47871385728725,07/1/2025,736.53,epsg:3857
10291,Cair0  ,Egypt,EG,EGY,Region-1,10885,30.15244848545491,31.27265133538591,2025-07-5,"1178,12",
10292,Rio de Janeiro,Brazil,BR,BRA,Region-3,10150,-22.88896627524025,-43.15526731958853,07/3/2025,"17,168",
10293,Istanbul,Turkey,TR,TUR,Region-2,12315,40.919359166261884,28.970374634844156,07/1/2025,"25,488",WGS84
10294,Manchester,United Kingdom,GB,GBR,Region-3,39963,-2.1323779285940305,53.5740911798676,2025.07.04,"884,83",epsg:3857
10295,Melbourne,AUS,AU,AUS,Region-2,35671,,144.94894826554304,2025.07.17,"38,127",WGS84
10296,Lyon,France,FR,FRA,Region-5,14965,45.802561705979564,4.976706034843114,2025-07-1,"16,421",latlong
10297,Sydney,Australia,AU,AUS,Region-5,29777,-33.9266078035723,151.278760831351,2025.07.09,"17,127",WGS84
10298,Paris,FR,FR,FRA,Region-2,41951,48.98158789553158,2.260034020489441,07/17/2025,"926,75",EPSG:4326
10299,Los Angeles,United States,US,USA,Region-4,09061,34.06446957487954,-118.32064974025516,2025-07-2,582.49,
10300,Delhi,India,IN,IND,Region-5,27678,28.645660443089735,77.04344183063331,2025.07.01,329.77,latlong
10301,Nair0bi  ,Kenya,KE,KEN,Region-1,31183,-1.2013598697854675,36.771569551150364,2025.07.11,"1698,91",
10302,Sydney,australia,AU,AUS,Region-4,02572,-33.80779781480894,151.17668222864637,2025.07.02,"22,189",
10303,Los Angeles,United States,US,USA,Region-1,44319,34.0780492435554,-118.31026335722473,2025-07-6,"1267,99",epsg:3857
10304,Munich,Germany,DE,DEU,Region-3,34407,48.08383256613586,11.401173484243962,2025-07-21,"13,252",WGS84
10305,Mexico City,Mexico,MX,MEX,Region-3,17172,,-98.99146946520045,07/13/2025,"19,441",epsg:3857
10306,Istanbul,Turkey,TR,TUR,Region-1,00177,41.023489540202185,29.01051129431401,2025-07-27,"17,581",epsg:3857
10307,Seoul,South Korea,KR,KOR,Region-1,23006,131.28869543391122,127.03301755114695,2025-07-27,"889,21",EPSG:4326
10308,Busan,South Korea,KR,KOR,Region-3,12397,35.107820008784294,129.14034597273175,2025-07-5,"1082,13",WGS84
10309,Toronto,canada,CA,CAN,Region-3,20311,153.1122242991833,-79.35593807275022,2025-07-24,"1482,26",
10310,Rio de Janeiro,Brazil,BR,BRA,Region-5,27115,-22.8282632120002,-43.17640075647409,07/16/2025,423.77,
10311,Delhi,India,IN,IND,Region-3,05780,28.807342201450695,77.12248245434954,2025-07-15,"14,958",latlong
10312,Houston,USA,US,USA,Region-4,33726,29.785046410781483,-95.38834073405529,07/25/2025,"1,459",
10313,Guadalajara,Mexico,MX,MEX,Region-2,24539,,-103.40910975061877,2025-07-11,"1153,60",
10314,Houston,United States,US,USA,Region-2,20554,29.759008201381185,-95.20634850513149,07/12/2025,"36,591",EPSG:4326
10315,Sydney,Australia,AU,AUS,Region-5,29214,-33.78444083161743,151.25040585608218,2025.07.03,"28,029",latlong
10316,London,united kingdom,GB,GBR,Region-2,35803,51.47843011173807,-0.2752731164641329,2025-07-2,975.96,
10317,Mumbai  ,India,IN,IND,Region-5,06558,72.8536079054284,18.9077994048372,07/11/2025,866.82,epsg:3857
10318,Delhi,India,IN,IND,Region-4,15504,,76.96753256172018,07/7/2025,"36,977",latlong
10319,Mumbai,India,IN,IND,Region-1,24281,19.027321798145604,72.86900395946235,2025.07.07,"35,751",latlong
10320,Sã0 Paul0  ,Brazil,BR,BRA,Region-5,03969,-23.493742364270677,-46.75080659569008,07/25/2025,"41,711",latlong
10321,Delhi,India,IN,IND,Region-2,09620,28.887713787423486,77.10438676484529,2025.07.14,1043.84,
10322,Lyon,France,FR,FRA,Region-1,10980,45.816772249260076,4.801969385446276,2025-07-7,929.23,EPSG:4326
10323,Delhi,India,IN,IND,Region-3,32030,28.693293272782434,76.99180393896692,2025-07-15,1125.31,
10324,Munich,GERMANY,DE,DEU,Region-5,11319,48.297747364297486,11.40299153241334,2025-07-2,"50,906",WGS84
10325,Dubai,United Arab Emirates,AE,ARE,Region-1,19519,25.247661064823696,55.27689128482897,2025.07.07,"1675,96",WGS84
10326,T0r0nt0  ,Canada,CA,CAN,Region-4,16614,152.50563396506968,-79.43405030378075,2025-07-4,"21,860",latlong
10327,Chicago,United States,US,USA,Region-5,08471,146.57593466552225,-87.46381199763113,07/20/2025,"8,893",epsg:3857
10328,Melbourne,Australia,AU,AUS,Region-5,48449,-37.775278323407484,144.977357463549,07/9/2025,874.38,latlong
10329,Nairobi,KEN,KE,KEN,Region-1,11824,-1.3195985643144863,36.87649435281238,07/2/2025,"1550,48",
10330,Dubai,AE,AE,ARE,Region-4,36995,87.8366559076248,55.16000301822809,2025-07-25,782.68,
10331,Los Angeles,United States,US,USA,Region-4,14571,118.9869730204808,-118.07055465180095,07/4/2025,"16,291",epsg:3857
10332,Berlin,Germany,DE,DEU,Region-4,03898,13.409136855511804,52.50253171638894,2025.07.07,1186.32,latlong
10333,Rio de Janeiro,BR,BR,BRA,Region-4,17753,-43.19250757820533,-22.836162382523675,2025-07-7,"1496,38",
10334,Sydney  ,Australia,AU,AUS,Region-3,21020,-33.86664864757186,151.18906861395124,2025.07.10,"294,23",
10335,Los Angeles,United States,US,USA,Region-4,41804,119.39711448151195,-118.20793975878075,2025-07-24,1497.23,epsg:3857
10336,Nairobi,Kenya,KE,KEN,Region-1,30479,-1.3709694952237566,36.859843081208346,2025.07.20,"880,86",epsg:3857
10337,Mumbai  ,INDIA,IN,IND,Region-4,43227,19.109428652759256,72.87930207044765,2025-07-5,"23,925",
10338,Istanbul,Turkey,TR,TUR,Region-5,24706,41.00576456902309,29.11165942824536,2025-07-10,"1461,33",WGS84
10339,Munich,Germany,DE,DEU,Region-5,08206,48.17448245418469,11.791686977859687,07/6/2025,"1149,81",EPSG:4326
10340,Guadalajara,Mexico,MX,MEX,Region-3,31091,20.860435139481346,-103.42068367353602,2025.07.20,1239.99,EPSG:4326
10341,Munich,GERMANY,DE,DEU,Region-5,27981,48.162862382422404,11.681953936495622,2025-07-25,"23,955",EPSG:4326
10342,New York,US,US,USA,Region-3,15196,40.62904793352472,-73.99716337527603,07/20/2025,"32,822",epsg:3857
10343,Johannesburg,SOUTH AFRICA,ZA,ZAF,Region-4,14514,-26.10238597528112,27.991800999692217,2025-07-17,"39,015",EPSG:4326
10344,Seoul,South Korea,KR,KOR,Region-3,06469,,126.9063382515985,07/3/2025,1323.27,
10345,Paris,France,FR,FRA,Region-5,33161,2.3013186975546183,48.74030724715477,07/24/2025,837.96,epsg:3857
10346,Mumbai,India,IN,IND,Region-5,08704,19.139675380199133,72.81577338502034,2025.07.12,973.42,EPSG:4326
10347,Guadalajara,MEXICO,MX,MEX,Region-1,34922,20.625811523565872,-103.40747299526299,2025-07-21,700.14,WGS84
10348,Guadalajara,Mexico,MX,MEX,Region-2,02540,20.550346837656715,-103.29532952197377,2025.07.23,"295,25",
10349,Manchester,United Kingdom,GB,GBR,Region-4,34009,53.43226407663155,-2.3245850912028874,2025-07-9,"1727,04",
10350,New York,USA,US,USA,Region-4,30226,40.75195492321117,-74.03797464949785,2025.07.24,"599,19",latlong
10351,Guadalajara,MX,MX,MEX,Region-3,08359,20.785018140175122,-103.42634744474894,2025-07-25,"110,25",
10352,Rio de Janeiro,Brazil,BR,BRA,Region-3,06257,-22.903484918162768,-43.1796145686058,07/2/2025,767.43,WGS84
10353,Vanc0uver  ,Canada,CA,CAN,Region-4,09826,49.269030897859764,-123.04076032671205,07/7/2025,"1096,32",EPSG:4326
10354,Rio de Janeiro,Brazil,BR,BRA,Region-3,20500,-80.47098860928172,-43.153851528156835,2025.07.17,"1533,39",
10355,Nairobi,Kenya,KE,KEN,Region-2,11487,-1.3404087167861989,36.99746594899407,2025.07.02,948.99,
10356,L0nd0n  ,United Kingdom,GB,GBR,Region-5,11620,51.50358706973344,-0.07510342954908755,2025.07.07,"1565,73",epsg:3857
10357,Mumbai,India,IN,IND,Region-4,11969,19.108620990094508,72.90254689452594,2025-07-14,"15,096",epsg:3857
10358,Los Angeles,USA,US,USA,Region-4,05316,34.02103630702757,-118.2116713190481,2025-07-21,1038.67,latlong
10359,Delhi,India,IN,IND,Region-4,20697,28.758142599319573,77.04538040747065,2025-07-4,"13,931",
10360,Nairobi,kenya,KE,KEN,Region-5,28725,-1.2765625677827903,36.82763996244204,07/27/2025,"13,63",epsg:3857
10361,Mexic0 City  ,Mexico,MX,MEX,Region-5,15779,19.298689666823464,-99.00206111207298,2025-07-4,"907,87",WGS84
10362,Seoul,SOUTH KOREA,KR,KOR,Region-4,02304,37.53754601865977,126.9785486768598,2025-07-26,"690,79",WGS84
10363,Dubai,United Arab Emirates,AE,ARE,Region-3,08262,25.321925544127716,55.18182092382967,07/15/2025,"1356,36",latlong
10364,Delhi,IND,IN,IND,Region-5,42590,,77.13710879720023,2025-07-3,1486.23,
10365,Lyon,France,FR,FRA,Region-4,32477,45.88014915753093,4.8198175688783245,2025.07.25,1736.72,EPSG:4326
10366,Istanbul,Turkey,TR,TUR,Region-1,17209,41.15036630624304,28.94901652368232,2025-07-11,"19,245",WGS84
10367,New York,United States,US,USA,Region-1,04207,40.7395125317183,-74.07101918939567,07/25/2025,599.91,epsg:3857
10368,Johannesburg,South Africa,ZA,ZAF,Region-3,20130,-26.171610537049915,28.134326788527233,07/9/2025,"1441,28",WGS84
10369,Sydney,australia,AU,AUS,Region-2,26647,-33.8763655172749,151.09114387747607,2025-07-12,"732,92",WGS84
10370,Mexico City,Mexico,MX,MEX,Region-2,01826,19.465935309973467,-99.19739891484558,2025-07-8,"1030,71",latlong
10371,Guadalajara  ,Mexico,MX,MEX,Region-5,16924,,-103.40038061748926,07/10/2025,"1027,67",WGS84
10372,New York,UNITED STATES,US,USA,Region-1,02645,40.78439252607983,-73.86895592794373,2025-07-17,"23,452",latlong
10373,Chicago,UNITED STATES,US,USA,Region-2,04682,,-87.5825189436172,2025.07.09,"21,240",WGS84
10374,Nairobi,Kenya,KE,KEN,Region-2,13488,36.81016766984464,-1.2546654518711342,2025-07-18,488.68,epsg:3857
10375,São Paulo,Brazil,BR,BRA,Region-3,22273,-82.88846867839136,-46.71762236712438,2025-07-5,"1038,45",epsg:3857
10376,Guadalajara,MEX,MX,MEX,Region-2,22891,20.591359727120253,-103.33822592917073,2025.07.03,"21,893",
10377,Rio de Janeiro,Brazil,BR,BRA,Region-4,24312,,-43.22821561571103,2025-07-24,"26,965",epsg:3857
10378,São Paulo,Brazil,BR,BRA,Region-5,13819,-23.58213208013563,-46.543522338197356,2025-07-12,1493.13,
10379,Tokyo,JPN,JP,JPN,Region-5,24662,125.26855144640629,139.6765040218001,2025.07.04,897.60,epsg:3857
10380,Osaka,Japan,JP,JPN,Region-2,05398,34.73305777694135,135.5146315340336,2025.07.13,"891,07",WGS84
10381,São Paulo,brazil,BR,BRA,Region-2,09640,-23.583122764019016,-46.73038276974449,07/6/2025,"20,525",latlong
10382,Berlin,Germany,DE,DEU,Region-3,17611,52.47702738085675,13.365801333618037,07/18/2025,"1265,96",epsg:3857
10383,Sydney,Australia,AU,AUS,Region-2,01470,-33.891688013093344,151.09066716414893,2025-07-27,1025.33,
10384,Osaka,Japan,JP,JPN,Region-3,40565,34.6250957149167,135.5749091593918,07/8/2025,784.16,
10385,Vancouver,Canada,CA,CAN,Region-4,28263,49.21511801517999,-122.9655413914204,2025.07.10,"871,04",
10386,Cairo,Egypt,EG,EGY,Region-1,10366,104.80395043497444,31.29752934850228,2025-07-1,1256.61,latlong
10387,T0ky0  ,japan,JP,JPN,Region-3,22676,35.74915084946119,139.69161709327037,2025.07.12,"304,43",latlong
10388,Manchester,United Kingdom,GB,GBR,Region-5,02458,53.533482785745775,-2.1292104326680743,07/3/2025,"49,883",epsg:3857
10389,Chicag0  ,United States,US,USA,Region-4,18694,41.95684700856653,-87.49433209069723,2025.07.08,"1250,98",WGS84
10390,Sydney  ,AUS,AU,AUS,Region-2,23904,-33.70112297132437,151.34718781840235,2025.07.06,"862,72",latlong
10391,São Paulo,brazil,BR,BRA,Region-2,61317,-23.541490554723236,-46.64191480795101,07/21/2025,"66,20",epsg:3857
10392,Toronto,Canada,CA,CAN,Region-4,08790,43.700667197616696,-79.47724674217073,2025.07.24,1191.14,latlong
10393,Nair0bi  ,Kenya,KE,KEN,Region-5,12428,-1.2184795589842168,36.75559064901855,07/23/2025,"1872,19",epsg:3857
10394,Munich,Germany,DE,DEU,Region-1,03903,48.19718255151741,11.508573190005068,2025-07-16,"52,799",WGS84
10395,Seoul,KOR,KR,KOR,Region-4,08750,,126.97951309650166,2025.07.10,1256.13,WGS84
10396,London,United Kingdom,GB,GBR,Region-1,01203,51.57487857431227,-0.2549468375027344,2025-07-19,1033.60,latlong
10397,Manchester,GBR,GB,GBR,Region-1,21473,53.51538067996479,-2.331221779406738,2025.07.13,"16,823",WGS84
10398,Tokyo,JPN,JP,JPN,Region-2,29585,35.735275200978485,139.72941258457027,2025.07.26,"29,602",
10399,Rio de Janeiro,Brazil,BR,BRA,Region-5,14091,,-43.391255282503685,07/25/2025,307.77,WGS84
10400,Berlin,Germany,DE,DEU,Region-3,00938,52.42524216672252,13.372405577314739,2025.07.24,"1182,69",epsg:3857
10401,Mexico City,MEX,MX,MEX,Region-4,44756,19.5358814608171,-99.11818068276078,2025.07.07,849.64,epsg:3857
10402,Munich  ,Germany,DE,DEU,Region-1,04843,48.09929302370732,11.533723980707496,07/14/2025,"1311,33",latlong
10403,Los Angeles,United States,US,USA,Region-4,34072,34.08076021830283,-118.21379718765665,2025-07-2,354.80,EPSG:4326
10404,Toronto,CA,CA,CAN,Region-4,40634,43.62768030534668,-79.54713155415702,2025-07-4,"32,736",epsg:3857
10405,Manchester,United Kingdom,GB,GBR,Region-3,00659,53.56775147641059,-2.2849162993353143,2025-07-13,"1269,33",epsg:3857
10406,Chicago,United States,US,USA,Region-3,15104,41.77841687524346,-87.6930550372282,2025-07-23,1512.70,WGS84
10407,Los Angeles,United States,US,USA,Region-3,52477,34.01130806893181,-118.25558059079603,2025.07.16,"4,428",epsg:3857
10408,Nair0bi  ,Kenya,KE,KEN,Region-3,23737,-1.1241881137240834,36.917631282219745,07/1/2025,"607,43",
10409,Tokyo,Japan,JP,JPN,Region-1,10241,35.59747071802072,139.50796048743092,07/27/2025,899.92,EPSG:4326
10410,Dubai,united arab emirates,AE,ARE,Region-1,17691,25.16443234701885,55.37708517139082,2025-07-14,"945,93",
10411,Istanbul,Turkey,TR,TUR,Region-5,29388,40.97843751602642,28.96821449935582,2025.07.17,"1159,18",WGS84
10412,Cairo,Egypt,EG,EGY,Region-2,05976,105.01340370564313,31.36787154669416,2025-07-14,1917.90,epsg:3857
10413,Chicago,united states,US,USA,Region-3,07131,41.83879487200352,-87.68498568424835,2025.07.26,"495,78",
10414,Lyon,FRANCE,FR,FRA,Region-5,15640,45.8308633152362,4.8861212626505175,2025-07-7,"55,826",WGS84
10415,Nairobi,KEN,KE,KEN,Region-5,15820,,36.78358959080176,2025-07-19,"18,986",epsg:3857
10416,Vancouver,CANADA,CA,CAN,Region-5,12826,171.9850456745625,-123.08820078720329,2025.07.04,590.70,WGS84
10417,Toronto,Canada,CA,CAN,Region-5,05735,43.7592082399337,-79.42091163285073,07/13/2025,"338,03",EPSG:4326
10418,Johannesburg,South Africa,ZA,ZAF,Region-2,11174,-26.347116300871498,28.21569564456719,07/8/2025,238,EPSG:4326
10419,Dubai,United Arab Emirates,AE,ARE,Region-4,23444,25.174235678977897,55.27217180352528,2025.07.04,1097.20,epsg:3857
10420,Berlin,Germany,DE,DEU,Region-1,24487,52.5244612527253,13.521405191548777,07/4/2025,"34,063",EPSG:4326
10421,São Paulo,Brazil,BR,BRA,Region-4,11295,-23.647144564481046,-46.56550489914844,2025.07.01,"725,58",latlong
10422,Delhi,IND,IN,IND,Region-3,31319,28.73319486760009,77.23295222307787,07/5/2025,604.86,WGS84
10423,Munich,DEU,DE,DEU,Region-1,23068,,11.60541211137178,2025-07-25,"10,505",EPSG:4326
10424,Munich,Germany,DE,DEU,Region-3,16463,48.122359157395756,11.517030235324134,2025.07.17,"1522,49",
10425,Berlin,Germany,DE,DEU,Region-2,13476,52.533441709584224,13.350809041373926,2025.07.16,"487,13",epsg:3857
10426,Los Angeles,United States,US,USA,Region-1,15794,-118.24333374426209,33.93519578167978,2025.07.12,842.66,latlong
10427,Lyon,France,FR,FRA,Region-3,08126,,4.79971771177737,2025.07.20,"30,692",WGS84
10428,Dubai,United Arab Emirates,AE,ARE,Region-4,09602,,55.310514666227576,2025.07.07,"1110,37",
10429,Vanc0uver  ,Canada,CA,CAN,Region-3,14166,49.27048218736363,-123.07026029965567,2025.07.02,"30,893",epsg:3857
10430,Paris  ,France,FR,FRA,Region-4,01685,49.040406814597986,2.3345979151254985,07/27/2025,891.23,
10431,Berlin  ,GERMANY,DE,DEU,Region-4,22644,52.66381992966863,13.479709455876282,2025-07-17,"19,926",
10432,Delhi,India,IN,IND,Region-2,30482,28.730534047260146,77.15646311576492,07/13/2025,1667.45,
10433,Berlin,Germany,DE,DEU,Region-5,00508,52.44104193100092,13.463053723345247,07/6/2025,"295,11",WGS84
10434,New York,United States,US,USA,Region-3,20428,40.69528528962407,-73.92330502070344,2025-07-21,"31,551",WGS84
10435,Los Angeles,United States,US,USA,Region-2,24631,-118.21297780126453,34.0949861861814,2025-07-6,1780.97,EPSG:4326
10436,L0s Angeles  ,United States,US,USA,Region-3,03651,-118.18818533108708,33.99980565853015,07/23/2025,1385.04,
10437,Manchester,United Kingdom,GB,GBR,Region-2,24122,186.8841599392638,-2.2146976214442464,2025.07.10,"26,493",EPSG:4326
10438,Lyon,France,FR,FRA,Region-4,17762,45.69462814365671,4.909564901720491,07/9/2025,"913,72",WGS84
10439,Istanbul,TURKEY,TR,TUR,Region-5,46594,29.032312985228433,41.04261458696479,2025.07.24,"932,97",latlong
10440,Guadalajara,Mexico,MX,MEX,Region-4,27074,20.687422169339474,-103.21702716177568,2025.07.16,"19,922",epsg:3857
10441,Melbourne,australia,AU,AUS,Region-2,02052,,145.04428426616883,2025.07.13,"1560,18",EPSG:4326
10442,Chicago,United States,US,USA,Region-2,00304,41.729993164330565,-87.74085939126091,2025.07.21,"33,682",epsg:3857
10443,Los Angeles,USA,US,USA,Region-2,37042,33.952697032879286,-118.07468679831692,07/12/2025,585.22,epsg:3857
10444,London,United Kingdom,GB,GBR,Region-2,15050,51.435452702521715,-0.06696334639574533,2025-07-18,"1197,92",WGS84
10445,Osaka,Japan,JP,JPN,Region-2,58020,34.74854656870642,135.52071302643486,2025-07-22,"26,075",
10446,Osaka,Japan,JP,JPN,Region-4,19743,,135.37486383820257,2025.07.18,"1519,46",EPSG:4326
10447,London,United Kingdom,GB,GBR,Region-3,02936,51.557451130121365,-0.08553387538834681,07/22/2025,847,latlong
10448,Delhi,India,IN,IND,Region-3,21319,77.1858559921603,28.63395298711605,2025-07-11,"21,374",epsg:3857
10449,Nairobi,kenya,KE,KEN,Region-4,37175,-1.4670634113228722,36.7911136942856,2025.07.14,"865,96",latlong
10450,Ri0 de Janeir0  ,Brazil,BR,BRA,Region-5,29336,-23.15570906694563,-43.21871627609698,07/20/2025,"1425,74",latlong
10451,Dubai  ,AE,AE,ARE,Region-5,22532,25.142114501032044,55.329550473407615,2025.07.24,1439.34,EPSG:4326
10452,Berlin,Germany,DE,DEU,Region-3,27246,52.53563709827441,13.377824458391046,2025-07-15,747.93,epsg:3857
10453,Nair0bi  ,Kenya,KE,KEN,Region-1,10725,-1.1471920800896815,36.774841953087964,07/25/2025,447.21,epsg:3857
10454,Tokyo,JAPAN,JP,JPN,Region-4,26992,,139.75086784583573,2025-07-10,1042.09,latlong
10455,Chicago,United States,US,USA,Region-5,08956,41.83945846925513,-87.77410784831615,07/17/2025,767.09,WGS84
10456,São Paulo,Brazil,BR,BRA,Region-5,13080,-23.595656897858294,-46.606787584659784,2025-07-25,"1271,97",epsg:3857
10457,Busan,KOR,KR,KOR,Region-4,12999,129.13934484913173,35.16239827030387,2025-07-2,831.85,epsg:3857
10458,Sydney,AUSTRALIA,AU,AUS,Region-3,01484,-33.78378019949516,151.27402944133894,2025-07-1,"785,98",EPSG:4326
10459,Berlin,Germany,DE,DEU,Region-3,05889,,13.363158991319617,2025.07.07,"12,829",EPSG:4326
10460,Berlin,DEU,DE,DEU,Region-1,08816,13.359827292911064,52.53385017186294,2025-07-25,"28,763",
10461,Mexico City,Mexico,MX,MEX,Region-3,20206,19.302347279659255,-99.20034229427948,2025-07-3,598.41,EPSG:4326
10462,Nairobi,Kenya,KE,KEN,Region-2,33847,-1.1825307273193875,36.710994198780526,07/7/2025,"17,067",EPSG:4326
10463,Chicago,United States,US,USA,Region-2,32674,41.87482993679699,-87.55421087702267,2025.07.08,1147.25,
10464,Sydney,Australia,AU,AUS,Region-2,10433,-33.94176590616975,151.37697843129104,2025-07-20,7.27,
10465,Chicago,United States,US,USA,Region-5,30973,41.86329202679791,-87.60852395103792,07/24/2025,739.52,
10466,Istanbul  ,Turkey,TR,TUR,Region-1,13295,41.126011040604325,29.037009932047635,2025.07.22,292.37,EPSG:4326
10467,New York,United States,US,USA,Region-1,19257,40.654794966088105,-73.90184917962553,07/1/2025,"30,893",EPSG:4326
10468,Delhi,India,IN,IND,Region-4,14993,28.672840993168887,77.13869097084364,07/9/2025,1233.45,EPSG:4326
10469,Mexico City,Mexico,MX,MEX,Region-2,12557,19.482972012010958,-99.18387496353886,2025-07-3,944.20,
10470,São Paulo,Brazil,BR,BRA,Region-5,24800,-46.56066633492709,-23.436054676340667,2025.07.04,"1178,84",epsg:3857
10471,Mumbai  ,India,IN,IND,Region-2,06959,19.211914492420213,72.99110077305727,07/1/2025,"499,24",EPSG:4326
10472,Nair0bi  ,Kenya,KE,KEN,Region-2,15236,-1.3245757635823998,36.85840121573291,2025.07.22,"834,80",
10473,Mumbai,India,IN,IND,Region-1,00947,19.250360612446773,72.8073494653727,2025.07.14,"700,11",WGS84
10474,Cairo,Egypt,EG,EGY,Region-5,12040,29.961188719279782,31.145084214562402,2025.07.06,1344.02,EPSG:4326
10475,Guadalajara,Mexico,MX,MEX,Region-2,09586,20.716763422689045,-103.3725520505155,2025-07-18,"380,19",
10476,Cairo,Egypt,EG,EGY,Region-3,29029,29.98319623052122,31.251918675894288,2025-07-22,982.16,
10477,Osaka  ,Japan,JP,JPN,Region-5,08916,34.61435406210009,135.39894707480605,07/3/2025,"23,423",
10478,São Paulo,brazil,BR,BRA,Region-3,19885,-23.4448088270808,-46.63617641402292,2025.07.03,"836,37",latlong
10479,Nairobi,Kenya,KE,KEN,Region-1,41185,-1.4368280594893215,36.789184724039686,2025-07-7,708.06,epsg:3857
10480,Los Angeles,UNITED STATES,US,USA,Region-5,15458,34.01757239510757,-118.06121524690386,2025-07-9,1720.90,latlong
10481,Cape Town,South Africa,ZA,ZAF,Region-2,03271,-33.85542945789489,18.498574288142244,07/10/2025,"44,989",latlong
10482,Mumbai,INDIA,IN,IND,Region-5,07265,19.034130974390067,72.67016467212855,2025-07-27,"36,99",WGS84
10483,Berlin,Germany,DE,DEU,Region-5,06587,52.557594113612836,13.456448533836024,07/2/2025,1343.35,WGS84
10484,Toronto,Canada,CA,CAN,Region-3,02725,43.652357353984826,-79.37148369533394,07/11/2025,1832.85,WGS84
10485,Chicago,United States,US,USA,Region-1,12608,41.92216008134636,-87.57937991533815,2025-07-17,47.37,
10486,Johannesburg,south africa,ZA,ZAF,Region-2,43610,-26.180336920409523,27.983216410272686,07/11/2025,1093.60,latlong
10487,Sydney,Australia,AU,AUS,Region-2,10611,-33.896306123446095,151.35801075391444,07/8/2025,"20,524",WGS84
10488,Vanc0uver  ,Canada,CA,CAN,Region-5,27572,49.08757363595207,-123.2155675070278,2025-07-22,"1424,50",EPSG:4326
10489,Vancouver,Canada,CA,CAN,Region-2,32426,49.29639802734629,-123.28763932620458,2025-07-26,"1334,32",WGS84
10490,Chicago,United States,US,USA,Region-3,01089,41.8545056031844,-87.63024626235679,2025.07.23,"46,987",latlong
10491,Ri0 de Janeir0  ,Brazil,BR,BRA,Region-3,23030,-22.77358760216768,-43.21057372014905,07/18/2025,1364.12,EPSG:4326
10492,Delhi,India,IN,IND,Region-1,01715,28.661715950907563,77.01065379852439,2025-07-21,"748,31",latlong
10493,Manchester,United Kingdom,GB,GBR,Region-3,39848,53.37119358439447,-2.266113604739283,07/19/2025,394.98,latlong
10494,Melbourne,AUS,AU,AUS,Region-1,15630,-37.767435890859396,144.9370940281148,07/2/2025,"1329,09",
10495,New York,united states,US,USA,Region-1,24151,40.62783390407584,-73.9247585920645,07/15/2025,"691,89",epsg:3857
10496,Houston,US,US,USA,Region-4,17954,29.65088118376906,-95.48588127657324,2025.07.14,1110.21,WGS84
10497,Sã0 Paul0  ,Brazil,BR,BRA,Region-1,35623,-23.55883013953544,-46.524991741009636,07/19/2025,"763,02",
10498,Melb0urne  ,Australia,AU,AUS,Region-4,21977,-37.71944187669609,144.89214951473508,2025.07.16,"22,830",latlong
10499,Munich,Germany,DE,DEU,Region-2,13451,48.18601217600599,11.491405349142312,07/12/2025,"16,183",EPSG:4326
10361,Mexic0 City  ,Mexico,MX,MEX,Region-5,15779,19.298689666823464,-99.00206111207298,2025-07-4,"907,87",latlong
10073,Seoul,South Korea,KR,KOR,Region-3,05565,37.507355400989574,126.94981025615478,2025.07.16,"55,387",
10374,Nairobi,Kenya,KE,KEN,Region-2,13488,36.81016766984464,-1.2546654518711342,2025-07-18,488.68,epsg:3857
10155,Osaka  ,Japan,JP,JPN,Region-1,19359,34.5750370849967,135.44778048138664,2025.07.03,2174.61,
10104,São Paulo,Brazil,BR,BRA,Region-5,30460,-23.55793662038385,-46.59985411826474,2025-07-2,"1286,78",
10394,Munich,Germany,DE,DEU,Region-1,03903,48.19718255151741,11.508573190005068,2025-07-16,"52,799",latlong
10377,Rio de Janeiro,Brazil,BR,BRA,Region-4,24312,,-43.22821561571103,2025-07-24,"26,965",
10124,Manchester,United Kingdom,GB,GBR,Region-2,01867,53.48331783582322,-2.2023056854712855,2025-07-4,424.31,EPSG:4326
10068,Cairo,Egypt,EG,EGY,Region-4,20448,30.07134819830212,31.183004508329137,2025-07-12,"19,294",epsg:3857
10450,Ri0 de Janeir0  ,Brazil,BR,BRA,Region-5,29336,-23.15570906694563,-43.21871627609698,07/20/2025,"1425,74",EPSG:4326
10009,Guadalajara,MEXICO,MX,MEX,Region-4,33322,20.658778282556916,-103.38508649783795,07/27/2025,"37,625",
10194,Mexico City,Mexico,MX,MEX,Region-4,04534,19.397971243339434,-99.16551527718856,2025.07.23,"22,838",EPSG:4326
10406,Chicago,United States,US,USA,Region-3,15104,41.77841687524346,-87.6930550372282,2025-07-23,1512.70,epsg:3857
10084,Chicago,UNITED STATES,US,USA,Region-5,05121,41.86212762024452,-87.75246652724383,07/26/2025,"17,257",WGS84
10371,Guadalajara  ,Mexico,MX,MEX,Region-5,16924,,-103.40038061748926,07/10/2025,"1027,67",EPSG:4326
10388,Manchester,United Kingdom,GB,GBR,Region-5,02458,53.533482785745775,-2.1292104326680743,07/3/2025,"49,883",latlong
10495,New York,united states,US,USA,Region-1,24151,40.62783390407584,-73.9247585920645,07/15/2025,"691,89",latlong
10030,Seoul,South Korea,KR,KOR,Region-3,09888,37.66154753737698,127.00475416483127,2025.07.02,"3,198",EPSG:4326
10316,London,united kingdom,GB,GBR,Region-2,35803,51.47843011173807,-0.2752731164641329,2025-07-2,975.96,EPSG:4326
10408,Nair0bi  ,Kenya,KE,KEN,Region-3,23737,-1.1241881137240834,36.917631282219745,07/1/2025,"607,43",epsg:3857
10490,Chicago,United States,US,USA,Region-3,01089,41.8545056031844,-87.63024626235679,2025.07.23,"46,987",EPSG:4326
10491,Ri0 de Janeir0  ,Brazil,BR,BRA,Region-3,23030,-22.77358760216768,-43.21057372014905,07/18/2025,1364.12,EPSG:4326
10280,Tokyo,Japan,JP,JPN,Region-1,24299,35.884928070377,139.67636603035177,2025.07.24,1142.05,epsg:3857
10356,L0nd0n  ,United Kingdom,GB,GBR,Region-5,11620,51.50358706973344,-0.07510342954908755,2025.07.07,"1565,73",latlong
10076,Mumbai  ,India,IN,IND,Region-1,04827,18.940761455985033,72.90712996520594,07/5/2025,"1608,47",WGS84
10461,Mexico City,Mexico,MX,MEX,Region-3,20206,19.302347279659255,-99.20034229427948,2025-07-3,598.41,EPSG:4326
10497,Sã0 Paul0  ,Brazil,BR,BRA,Region-1,35623,-23.55883013953544,-46.524991741009636,07/19/2025,"763,02",
10211,Houston,United States,US,USA,Region-3,13020,29.657876688561906,-95.34984376136885,2025.07.01,"371,99",latlong
10101,Cair0  ,EGY,EG,EGY,Region-4,21776,31.331845778554996,30.115207549327064,07/21/2025,"1850,22",epsg:3857
10334,Sydney  ,Australia,AU,AUS,Region-3,21020,-33.86664864757186,151.18906861395124,2025.07.10,"294,23",latlong
